-- phpMyAdmin SQL Dump
-- version 5.2.1
-- https://www.phpmyadmin.net/
--
-- Servidor: 127.0.0.1:3306
-- Tiempo de generación: 19-02-2025 a las 22:30:10
-- Versión del servidor: 10.11.10-MariaDB
-- Versión de PHP: 7.2.34

SET SQL_MODE = "NO_AUTO_VALUE_ON_ZERO";
START TRANSACTION;
SET time_zone = "+00:00";


/*!40101 SET @OLD_CHARACTER_SET_CLIENT=@@CHARACTER_SET_CLIENT */;
/*!40101 SET @OLD_CHARACTER_SET_RESULTS=@@CHARACTER_SET_RESULTS */;
/*!40101 SET @OLD_COLLATION_CONNECTION=@@COLLATION_CONNECTION */;
/*!40101 SET NAMES utf8mb4 */;

--
-- Base de datos: `u164639268_comunidad`
--

-- --------------------------------------------------------

--
-- Estructura de tabla para la tabla `COMUNIDAD`
--

CREATE TABLE `COMUNIDAD` (
  `com_comunidad` int(11) NOT NULL,
  `com_nombre` varchar(99) NOT NULL
) ENGINE=InnoDB DEFAULT CHARSET=utf8mb3 COLLATE=utf8mb3_general_ci;

--
-- Volcado de datos para la tabla `COMUNIDAD`
--

INSERT INTO `COMUNIDAD` (`com_comunidad`, `com_nombre`) VALUES
(1, 'CAMI SALARD, 13'),
(2, 'VALLE BUENAVISTA, 9');

-- --------------------------------------------------------

--
-- Estructura de tabla para la tabla `DEUDA`
--

CREATE TABLE `DEUDA` (
  `dud_comunidad` int(11) NOT NULL,
  `dud_piso` int(11) NOT NULL,
  `dud_promesa` int(11) NOT NULL,
  `dud_fecha` date NOT NULL,
  `dud_importe` decimal(8,2) NOT NULL
) ENGINE=InnoDB DEFAULT CHARSET=utf8mb4 COLLATE=utf8mb4_unicode_ci;

--
-- Volcado de datos para la tabla `DEUDA`
--

INSERT INTO `DEUDA` (`dud_comunidad`, `dud_piso`, `dud_promesa`, `dud_fecha`, `dud_importe`) VALUES
(1, 1, 0, '2024-12-31', 2529.80),
(1, 1, 3, '2025-01-01', -140.00),
(1, 2, 0, '2024-12-31', 40.00),
(1, 2, 1, '2025-01-01', -120.00),
(1, 3, 0, '2024-12-31', -195.58),
(1, 3, 1, '2025-01-01', -120.00),
(1, 4, 0, '2024-12-31', -160.00),
(1, 4, 2, '2025-01-01', -65.00),
(1, 5, 0, '2024-12-31', 40.00),
(1, 5, 1, '2025-01-01', -120.00),
(1, 6, 0, '2024-12-31', -223.00),
(1, 6, 1, '2025-01-01', -120.00),
(1, 7, 0, '2024-12-31', -240.00),
(1, 7, 1, '2025-01-01', -120.00),
(1, 8, 0, '2024-12-31', 0.00),
(1, 8, 1, '2025-01-01', -120.00),
(1, 9, 0, '2024-12-31', -530.58),
(1, 9, 1, '2025-01-01', -120.00),
(1, 10, 0, '2024-12-31', -40.00),
(1, 10, 1, '2025-01-01', -120.00),
(1, 11, 0, '2024-12-31', -244.80),
(1, 11, 1, '2025-01-01', -120.00),
(1, 12, 0, '2024-12-31', 40.00),
(1, 12, 1, '2025-01-01', -120.00);

-- --------------------------------------------------------

--
-- Estructura de tabla para la tabla `DOCUMENTO`
--

CREATE TABLE `DOCUMENTO` (
  `doc_documento` int(11) NOT NULL COMMENT 'id único del documento',
  `doc_comunidad` int(11) NOT NULL COMMENT 'id de la comunidad',
  `doc_almacenado` varchar(200) NOT NULL COMMENT 'nombre con el que se almacena el documento',
  `doc_real` varchar(200) NOT NULL COMMENT 'nombre con el que se facilitó el documento',
  `doc_fileType` varchar(200) NOT NULL
) ENGINE=InnoDB DEFAULT CHARSET=utf8mb4 COLLATE=utf8mb4_general_ci;

--
-- Volcado de datos para la tabla `DOCUMENTO`
--

INSERT INTO `DOCUMENTO` (`doc_documento`, `doc_comunidad`, `doc_almacenado`, `doc_real`, `doc_fileType`) VALUES
(2, 1, '0001_00000110', '001010149369.pdf', 'application/pdf'),
(3, 1, '0001_00000138', '001010254278.pdf', 'application/pdf'),
(4, 1, '0001_00000161', '001010360062-5.pdf', 'application/pdf'),
(5, 1, '0001_00000182', '001010465501-4.pdf', 'application/pdf'),
(6, 1, '0001_00000204', '001010571187-2.pdf', 'application/pdf'),
(7, 1, '0001_00000240', '001010783592.pdf', 'application/pdf'),
(8, 1, '0001_00000259', '001010890252-2.pdf', 'application/pdf'),
(9, 1, '0001_00000280', '001010997726.pdf', 'application/pdf'),
(10, 1, '0001_00000171', 'GAS i LUZ - 2024-01-10.pdf', 'application/pdf'),
(11, 1, '0001_00000179', 'GAS i LUZ - 2024-02-01.pdf', 'application/pdf'),
(12, 1, '0001_00000189', 'GAS i LUZ - 2024-03-07.pdf', 'application/pdf'),
(13, 1, '0001_00000198', 'GAS i LUZ - 2024-04-04.pdf', 'application/pdf'),
(14, 1, '0001_00000208', 'GAS i LUZ - 2024-05-02.pdf', 'application/pdf'),
(15, 1, '0001_00000218', 'GAS i LUZ - 2024-06-05.pdf', 'application/pdf'),
(16, 1, '0001_00000225', 'GAS i LUZ - 2024-07-03.pdf', 'application/pdf'),
(17, 1, '0001_00000238', 'GAS i LUZ - 2024-08-01.pdf', 'application/pdf'),
(18, 1, '0001_00000249', 'GAS i LUZ - 2024-09-05.pdf', 'application/pdf'),
(19, 1, '0001_00000258', 'GAS i LUZ - 2024-10-02.pdf', 'application/pdf'),
(20, 1, '0001_00000029', 'GASILUZ - 2023-02-08.pdf', 'application/pdf'),
(21, 1, '0001_00000045', 'GASILUZ - 2023-03-03.pdf', 'application/pdf'),
(22, 1, '0001_00000062', 'GASILUZ - 2023-04-04.pdf', 'application/pdf'),
(23, 1, '0001_00000074', 'GASILUZ - 2023-05-09.pdf', 'application/pdf'),
(24, 1, '0001_00000083', 'GASILUZ - 2023-06-01.pdf', 'application/pdf'),
(25, 1, '0001_00000109', 'GASILUZ - 2023-08-03.pdf', 'application/pdf'),
(26, 1, '0001_00000134', 'GASILUZ - 2023-09-27.pdf', 'application/pdf'),
(27, 1, '0001_00000137', 'GASILUZ - 2023-10-04.pdf', 'application/pdf'),
(28, 1, '0001_00000151', 'GASILUZ - 2023-11-09.pdf', 'application/pdf'),
(29, 1, '0001_00000160', 'GASILUZ - 2023-12-07.pdf', 'application/pdf');

-- --------------------------------------------------------

--
-- Estructura de tabla para la tabla `GASTO`
--

CREATE TABLE `GASTO` (
  `gas_comunidad` int(11) NOT NULL,
  `gas_gasto` int(11) NOT NULL,
  `gas_nombre` varchar(99) NOT NULL,
  `gas_reparto` int(11) NOT NULL
) ENGINE=InnoDB DEFAULT CHARSET=utf8mb3 COLLATE=utf8mb3_bin;

--
-- Volcado de datos para la tabla `GASTO`
--

INSERT INTO `GASTO` (`gas_comunidad`, `gas_gasto`, `gas_nombre`, `gas_reparto`) VALUES
(1, 1, 'Luz', 1),
(1, 2, 'Agua', 1),
(1, 3, 'Administración', 1),
(1, 4, 'Limpieza', 1),
(1, 5, 'Seguro', 2),
(1, 6, 'Comisiones Banco', 1),
(1, 7, 'Otro no especificado', 1),
(1, 8, 'Errores', 3);

-- --------------------------------------------------------

--
-- Estructura de tabla para la tabla `GASTO_PISO`
--

CREATE TABLE `GASTO_PISO` (
  `gpi_gasto` int(11) NOT NULL,
  `gpi_piso` int(11) NOT NULL
) ENGINE=InnoDB DEFAULT CHARSET=utf8mb3 COLLATE=utf8mb3_bin;

--
-- Volcado de datos para la tabla `GASTO_PISO`
--

INSERT INTO `GASTO_PISO` (`gpi_gasto`, `gpi_piso`) VALUES
(3, 1),
(5, 1),
(6, 1),
(7, 1),
(1, 2),
(2, 2),
(3, 2),
(4, 2),
(5, 2),
(6, 2),
(7, 2),
(1, 3),
(2, 3),
(3, 3),
(4, 3),
(5, 3),
(6, 3),
(7, 3),
(1, 4),
(3, 4),
(4, 4),
(5, 4),
(6, 4),
(7, 4),
(1, 5),
(2, 5),
(3, 5),
(4, 5),
(5, 5),
(6, 5),
(7, 5),
(1, 6),
(2, 6),
(3, 6),
(4, 6),
(5, 6),
(6, 6),
(7, 6),
(1, 7),
(2, 7),
(3, 7),
(4, 7),
(5, 7),
(6, 7),
(7, 7),
(1, 8),
(2, 8),
(3, 8),
(4, 8),
(5, 8),
(6, 8),
(7, 8),
(1, 9),
(2, 9),
(3, 9),
(4, 9),
(5, 9),
(6, 9),
(7, 9),
(1, 10),
(2, 10),
(3, 10),
(4, 10),
(5, 10),
(6, 10),
(7, 10),
(1, 11),
(2, 11),
(3, 11),
(4, 11),
(5, 11),
(6, 11),
(7, 11),
(1, 12),
(2, 12),
(3, 12),
(4, 12),
(5, 12),
(6, 12),
(7, 12);

-- --------------------------------------------------------

--
-- Estructura de tabla para la tabla `MOVIMIENTO`
--

CREATE TABLE `MOVIMIENTO` (
  `mov_movimiento` int(11) NOT NULL,
  `mov_comunidad` int(11) NOT NULL,
  `mov_detalle` varchar(200) NOT NULL,
  `mov_fecha` date NOT NULL,
  `mov_detalle1` varchar(200) DEFAULT NULL,
  `mov_detalle2` varchar(200) DEFAULT NULL,
  `mov_detalle3` varchar(200) DEFAULT NULL,
  `mov_importe` decimal(8,2) NOT NULL,
  `mov_piso` int(11) DEFAULT NULL,
  `mov_gasto` int(11) DEFAULT NULL,
  `mov_documento` int(11) DEFAULT NULL
) ENGINE=InnoDB DEFAULT CHARSET=utf8mb3 COLLATE=utf8mb3_general_ci;

--
-- Volcado de datos para la tabla `MOVIMIENTO`
--

INSERT INTO `MOVIMIENTO` (`mov_movimiento`, `mov_comunidad`, `mov_detalle`, `mov_fecha`, `mov_detalle1`, `mov_detalle2`, `mov_detalle3`, `mov_importe`, `mov_piso`, `mov_gasto`, `mov_documento`) VALUES
(9, 1, 'Inicialización Aplicación', '2022-12-31', NULL, NULL, NULL, 1379.67, NULL, NULL, NULL),
(10, 1, 'AB.TR.SEPA 00048345835 GREGORIA GALLEGO A', '2023-01-02', NULL, NULL, NULL, 55.00, NULL, NULL, NULL),
(11, 1, 'AB.TR.SEPA 00048398165 SELENA COCA VIRUMB', '2023-01-03', NULL, NULL, NULL, 60.00, NULL, NULL, NULL),
(12, 1, 'ABONO REC.DOM.OT.ENT', '2023-01-04', NULL, NULL, NULL, 860.00, NULL, NULL, NULL),
(13, 1, 'LIQ.REM.DEBIT.INTERC', '2023-01-04', NULL, NULL, NULL, -10.89, NULL, 6, NULL),
(14, 1, 'TRANSFER. JAIME PERELLO PONS', '2023-01-04', NULL, NULL, NULL, 1125.30, NULL, NULL, NULL),
(15, 1, 'DEV.RECIBOS', '2023-01-09', NULL, NULL, NULL, -220.00, NULL, NULL, NULL),
(16, 1, 'LIQ.REM.DEVOL.DEBIT.', '2023-01-09', NULL, NULL, NULL, -4.84, NULL, 6, NULL),
(17, 1, 'RECIBO GASILUZ 48B6B1A7ED69 0000000794081', '2023-01-09', NULL, NULL, NULL, -19.21, NULL, 1, NULL),
(18, 1, 'AB.TR.SEPA 00048526847 GOMILA PEREZ ANTON', '2023-01-10', NULL, NULL, NULL, 120.00, NULL, NULL, NULL),
(19, 1, 'AB.TR.SEPA 00048547036 JOSE MIGUEL MUNAR', '2023-01-11', NULL, NULL, NULL, 65.00, NULL, NULL, NULL),
(20, 1, 'LIQUID.PROPIA CUENTA', '2023-01-25', NULL, NULL, NULL, -92.60, NULL, 6, NULL),
(21, 1, 'TRANSFER. ANTONIA MARIA PONS OLIVE', '2023-01-27', NULL, NULL, NULL, -95.00, NULL, 3, NULL),
(22, 1, 'TRANSFER. ANTONIA MARIA PONS OLIVE', '2023-01-27', NULL, NULL, NULL, -95.00, NULL, 3, NULL),
(23, 1, 'TRANSFER. SEGURO MAPHRE', '2023-01-28', NULL, NULL, NULL, -1177.52, NULL, 5, NULL),
(24, 1, 'AB.TR.SEPA 00048848616 MIQUEL ANGEL FERNA', '2023-01-30', NULL, NULL, NULL, 70.00, NULL, NULL, NULL),
(25, 1, 'AB.TR.SEPA 00048978312 GREGORIA GALLEGO A', '2023-02-02', NULL, NULL, NULL, 55.00, NULL, NULL, NULL),
(26, 1, 'AB.TR.SEPA 00049009802 SELENA COCA VIRUMB', '2023-02-03', NULL, NULL, NULL, 60.00, NULL, NULL, NULL),
(27, 1, 'RECIBO CONVERSIA PROTECCION 010000679987', '2023-02-09', NULL, NULL, NULL, -37.30, NULL, 7, NULL),
(28, 1, 'TRANSFER. PEDRO MARTI', '2023-02-09', NULL, NULL, NULL, -122.00, NULL, 7, NULL),
(29, 1, 'RECIBO GASILUZ 48B6B1A7ED69 0000000802836', '2023-02-10', NULL, NULL, NULL, -18.00, NULL, 1, 20),
(30, 1, 'R.AGUA E.M.A.Y.A. 000070937798 0000000802', '2023-02-10', NULL, NULL, NULL, -451.78, NULL, 2, NULL),
(31, 1, 'TRANSFER. EMAYA', '2023-02-21', NULL, NULL, NULL, -530.06, NULL, 8, NULL),
(32, 1, 'TRANSFER. ANTONIA MARIA PONS OLIVE', '2023-02-26', NULL, NULL, NULL, -95.00, NULL, 3, NULL),
(33, 1, 'TRANSFER. ANTONIA MARIA PONS OLIVE', '2023-02-26', NULL, NULL, NULL, -97.00, NULL, 4, NULL),
(34, 1, 'ABONO REC.DOM.OT.ENT', '2023-03-02', NULL, NULL, NULL, 860.00, NULL, NULL, NULL),
(35, 1, 'AB.TR.SEPA 00049540611 GREGORIA GALLEGO A', '2023-03-02', NULL, NULL, NULL, 55.00, NULL, NULL, NULL),
(36, 1, 'AB.TR.SEPA 00049540612 MIQUEL ANGEL FERNA', '2023-03-02', NULL, NULL, NULL, 70.00, NULL, NULL, NULL),
(37, 1, 'LIQ.REM.DEBIT.INTERC', '2023-03-02', NULL, NULL, NULL, -10.89, NULL, 6, NULL),
(38, 1, 'TRANSFER. EFIKAZ & SERVICIOS', '2023-03-02', NULL, NULL, NULL, -431.00, NULL, 7, NULL),
(39, 1, 'AB.TR.SEPA 00049579060 SELENA COCA VIRUMB', '2023-03-03', NULL, NULL, NULL, 60.00, NULL, NULL, NULL),
(40, 1, 'TRANSF.INM 00049687838 SELENA COCA VIRUMB', '2023-03-08', NULL, NULL, NULL, 79.30, NULL, NULL, NULL),
(41, 1, 'AB.TR.SEPA 00049705413 GOMILA PEREZ ANTON', '2023-03-09', NULL, NULL, NULL, 120.00, NULL, NULL, NULL),
(42, 1, 'AB.TR.SEPA 00049743976 JOSE MIGUEL MUNAR', '2023-03-13', NULL, NULL, NULL, 65.00, NULL, NULL, NULL),
(43, 1, 'AB.TR.SEPA 00049743977 MARTINA FRONTERA G', '2023-03-13', NULL, NULL, NULL, 220.00, NULL, NULL, NULL),
(44, 1, 'RECIBO AXA SEGUROS GENERALE 00000BCJ0GH9', '2023-03-13', NULL, NULL, NULL, -1618.99, NULL, 5, NULL),
(45, 1, 'RECIBO GASILUZ 48B6B1A7ED69 0000000810888', '2023-03-13', NULL, NULL, NULL, -17.35, NULL, 1, 21),
(46, 1, 'ANULACION AXA SEGUROS GENERALE 00000BCJ0G', '2023-03-14', NULL, NULL, NULL, 1618.99, NULL, 5, NULL),
(47, 1, 'ENTREGA EFV.-IMPOS. GREGORIO PEREZ 3-A', '2023-03-17', NULL, NULL, NULL, 120.00, NULL, NULL, NULL),
(48, 1, 'TRANSFER. JAIME PERELLO PONS', '2023-03-31', NULL, NULL, NULL, 226.00, NULL, NULL, NULL),
(49, 1, 'AB.TR.SEPA 00049891479 GOMILA PEREZ ANTON', '2023-03-21', NULL, NULL, NULL, 250.00, NULL, NULL, NULL),
(50, 1, 'TRANSFER. MARTA MUGICA AGOTE', '2023-03-24', NULL, NULL, NULL, 1069.00, NULL, NULL, NULL),
(51, 1, 'DISP.EFV.-REINTEGRO PAGO ARREGLO TERRAZA', '2023-03-24', NULL, NULL, NULL, -470.00, NULL, 7, NULL),
(52, 1, 'AB.TR.SEPA 00050112354 SERVANDO SALGUERO', '2023-03-31', NULL, NULL, NULL, 223.11, NULL, NULL, NULL),
(53, 1, 'AB.TR.SEPA 00050112355 SERVANDO SALGUERO', '2023-03-31', NULL, NULL, NULL, 365.30, NULL, NULL, NULL),
(54, 1, 'TRANSFER. ANTONIA MARIA PONS OLIVE', '2023-03-31', NULL, NULL, NULL, -95.00, NULL, 3, NULL),
(55, 1, 'TRANSFER. ANTONIA MARIA PONS OLIVE', '2023-03-31', NULL, NULL, NULL, -97.00, NULL, 4, NULL),
(56, 1, 'ABONO REC.DOM.OT.ENT', '2023-04-03', NULL, NULL, NULL, 1448.00, NULL, NULL, NULL),
(57, 1, 'AB.TR.SEPA 00050158769 SERVANDO', '2023-04-03', NULL, NULL, NULL, 60.00, NULL, NULL, NULL),
(58, 1, 'LIQ.REM.DEBIT.INTERC', '2023-04-03', NULL, NULL, NULL, -9.78, NULL, 6, NULL),
(59, 1, 'AB.TR.SEPA 00050262545 GOMILA PEREZ ANTON', '2023-04-05', NULL, NULL, NULL, 160.00, NULL, NULL, NULL),
(60, 1, 'DEV.RECIBOS', '2023-04-06', NULL, NULL, NULL, -766.00, NULL, NULL, NULL),
(61, 1, 'LIQ.REM.DEVOL.DEBIT.', '2023-04-06', NULL, NULL, NULL, -5.02, NULL, 6, NULL),
(62, 1, 'RECIBO GASILUZ 48B6B1A7ED69 0000000818136', '2023-04-06', NULL, NULL, NULL, -19.07, NULL, 1, 22),
(63, 1, 'AB.TR.SEPA 00050314238 SELENA COCA VIRUMB', '2023-04-11', NULL, NULL, NULL, 60.00, NULL, NULL, NULL),
(64, 1, 'R.AGUA E.M.A.Y.A. 000070937798 0000000819', '2023-04-17', NULL, NULL, NULL, -432.05, NULL, 2, NULL),
(65, 1, 'AB.TR.SEPA 00050463793 JOSE MIGUEL MUNAR', '2023-04-18', NULL, NULL, NULL, 250.00, NULL, NULL, NULL),
(66, 1, 'TRANSFER. ANTONIA MARIA PONS OLIVE', '2023-04-27', NULL, NULL, NULL, -267.00, NULL, 7, NULL),
(67, 1, 'AB.TR.SEPA 00050741187 SERVANDO', '2023-05-02', NULL, NULL, NULL, 60.00, NULL, NULL, NULL),
(68, 1, 'TRANSFER. ANTONIA MARIA PONS OLIVE', '2023-05-02', NULL, NULL, NULL, -95.00, NULL, 3, NULL),
(69, 1, 'AB.TR.SEPA 00050820789 SELENA COCA VIRUMB', '2023-03-03', NULL, NULL, NULL, 60.00, NULL, NULL, NULL),
(70, 1, 'TRANSFER. ANTONIA MARIA PONS OLIVE', '2023-05-03', NULL, NULL, NULL, -97.00, NULL, 4, NULL),
(71, 1, 'AB.TR.SEPA 00051000859 GOMILA PEREZ ANTON', '2023-05-10', NULL, NULL, NULL, 160.00, NULL, NULL, NULL),
(72, 1, 'AB.TR.SEPA 00051021093 JOSE MIGUEL MUNAR', '2023-05-11', NULL, NULL, NULL, 65.00, NULL, NULL, NULL),
(73, 1, 'DISP.EFV.-REINTEGRO PAGO ELECTRICISTA', '2023-05-11', NULL, NULL, NULL, -3500.00, NULL, 7, NULL),
(74, 1, 'RECIBO GASILUZ 48B6B1A7ED69 0000000828554', '2023-05-12', NULL, NULL, NULL, -23.09, NULL, 1, 23),
(75, 1, 'AB.TR.SEPA 00051054311 MIQUEL ANGEL FERNA', '2023-05-12', NULL, NULL, NULL, 120.00, NULL, NULL, NULL),
(76, 1, 'TRANSFER. EMAYA', '2023-05-15', NULL, NULL, NULL, -464.77, NULL, 8, NULL),
(77, 1, 'TRANSFER. PEDRO EGEA SANTIAGO', '2023-05-15', NULL, NULL, NULL, 1500.00, NULL, NULL, NULL),
(78, 1, 'DISP.EFV.-REINTEGRO PAGO ELECTRICISTA', '2023-05-16', NULL, NULL, NULL, -1500.00, NULL, 7, NULL),
(79, 1, 'ENTREGA EFV.-IMPOS. PISO 3-A -- MAYO-JUNI', '2023-05-17', NULL, NULL, NULL, 346.00, NULL, NULL, NULL),
(80, 1, 'TRANSFER. ANTONIA MARIA PONS OLIVE', '2023-05-28', NULL, NULL, NULL, -97.00, NULL, 4, NULL),
(81, 1, 'TRANSFER. ANTONIA MARIA PONS OLIVE', '2023-05-28', NULL, NULL, NULL, -95.00, NULL, 3, NULL),
(82, 1, 'AB.TR.SEPA 00051511218 SERVANDO', '2023-06-02', NULL, NULL, NULL, 60.00, NULL, NULL, NULL),
(83, 1, 'RECIBO GASILUZ 48B6B1A7ED69 0000000834336', '2023-06-02', NULL, NULL, NULL, -14.68, NULL, 1, 24),
(84, 1, 'AB.TR.SEPA 00051553035 SELENA COCA VIRUMB', '2023-06-05', NULL, NULL, NULL, 60.00, NULL, NULL, NULL),
(85, 1, 'R.AGUA E.M.A.Y.A. 000070937798 0000000836', '2023-06-12', NULL, NULL, NULL, -447.40, NULL, 2, NULL),
(86, 1, 'ABONO REC.DOM.OT.ENT', '2023-06-14', NULL, NULL, NULL, 640.00, NULL, NULL, NULL),
(87, 1, 'LIQ.REM.DEBIT.INTERC', '2023-06-14', NULL, NULL, NULL, -8.71, NULL, 6, NULL),
(88, 1, 'TRANSFER. ANTONIA MARIA PONS OLIVE', '2023-07-02', NULL, NULL, NULL, -95.00, NULL, 3, NULL),
(89, 1, 'TRANSFER. ANTONIA MARIA PONS OLIVE', '2023-07-02', NULL, NULL, NULL, -97.00, NULL, 3, NULL),
(90, 1, 'ABONO REC.DOM.OT.ENT', '2023-07-03', NULL, NULL, NULL, 640.00, NULL, NULL, NULL),
(91, 1, 'AB.TR.SEPA 00052173949 SERVANDO', '2023-07-03', NULL, NULL, NULL, 60.00, NULL, NULL, NULL),
(92, 1, 'AB.TR.SEPA 00052173950 MIQUEL ANGEL FERNA', '2023-07-03', NULL, NULL, NULL, 200.00, NULL, NULL, NULL),
(93, 1, 'LIQ.REM.DEBIT.INTERC', '2023-07-03', NULL, NULL, NULL, -8.71, NULL, 6, NULL),
(94, 1, 'TRANSFER. PEDRO EGEA SANTIAGO', '2023-07-05', NULL, NULL, NULL, 3340.00, NULL, NULL, NULL),
(95, 1, 'AB.TR.SEPA 00052325327 GOMILA PEREZ ANTON', '2023-07-06', NULL, NULL, NULL, 253.00, NULL, NULL, NULL),
(96, 1, 'AB.TR.SEPA 00052325328 GOMILA PEREZ ANTON', '2023-07-06', NULL, NULL, NULL, 62.30, NULL, NULL, NULL),
(97, 1, 'AB.TR.SEPA 00052353695 SELENA COCA VIRUMB', '2023-07-07', NULL, NULL, NULL, 60.00, NULL, NULL, NULL),
(98, 1, 'DISP.EFV.-REINTEGRO PAGO ELECTRICISTA', '2023-07-07', NULL, NULL, NULL, -3850.00, NULL, 7, NULL),
(99, 1, 'AB.TR.SEPA 00052413109 JOSE MIGUEL MUNAR', '2023-07-11', NULL, NULL, NULL, 65.00, NULL, NULL, NULL),
(100, 1, 'AB.TR.SEPA 00052419950 MIQUEL ANGEL FERNA', '2023-07-11', NULL, NULL, NULL, 250.00, NULL, NULL, NULL),
(101, 1, 'RECIBO GASILUZ 48B6B1A7ED69 0000000845130', '2023-07-11', NULL, NULL, NULL, -20.88, NULL, 1, NULL),
(102, 1, 'AB.TR.SEPA 00052543454 JOSE MIGUEL MUNAR', '2023-07-18', NULL, NULL, NULL, 300.00, NULL, NULL, NULL),
(103, 1, 'LIQUID.PROPIA CUENTA', '2023-07-25', NULL, NULL, NULL, -122.40, NULL, 6, NULL),
(104, 1, 'ENTREGA EFV.-IMPOS. GREGORIO PEREZ', '2023-07-27', NULL, NULL, NULL, 14.00, NULL, NULL, NULL),
(105, 1, 'TRANSFER. ANTONIA MARIA PONS OLIVE', '2023-07-30', NULL, NULL, NULL, -97.00, NULL, 4, NULL),
(106, 1, 'TRANSFER. ANTONIA MARIA PONS OLIVE', '2023-07-30', NULL, NULL, NULL, -95.00, NULL, 3, NULL),
(107, 1, 'AB.TR.SEPA 00052922201 SERVANDO', '2023-08-02', NULL, NULL, NULL, 60.00, NULL, NULL, NULL),
(108, 1, 'AB.TR.SEPA 00053022474 SELENA COCA VIRUMB', '2023-08-07', NULL, NULL, NULL, 60.00, NULL, NULL, NULL),
(109, 1, 'RECIBO GASILUZ 48B6B1A7ED69 0000000853388', '2023-08-08', NULL, NULL, NULL, -21.10, NULL, 1, 25),
(110, 1, 'R.AGUA E.M.A.Y.A. 000070937798 0000000853', '2023-08-08', NULL, NULL, NULL, -460.57, NULL, 2, 2),
(111, 1, 'RECIBO PROFESSIONAL GROUP C 010000689961', '2023-08-24', NULL, NULL, NULL, -37.30, NULL, 7, NULL),
(112, 1, 'AB.TR.SEPA 00053323575 MIQUEL ANGEL FERNA', '2023-08-25', NULL, NULL, NULL, 160.00, NULL, NULL, NULL),
(113, 1, 'TRANSFER. JAIME PERELLO PONS', '2023-08-29', NULL, NULL, NULL, 254.32, NULL, NULL, NULL),
(114, 1, 'TRANSFER. ANTONIA MARIA PONS OLIVE', '2023-08-30', NULL, NULL, NULL, -97.00, NULL, 4, NULL),
(115, 1, 'TRANSFER. ANTONIA MARIA PONS OLIVE', '2023-08-30', NULL, NULL, NULL, -95.00, NULL, 3, NULL),
(116, 1, 'TRANSFER. MARIA SALGUERO CALERO', '2023-09-02', NULL, NULL, NULL, 120.00, NULL, NULL, NULL),
(117, 1, 'AB.TR.SEPA 00053622859 SELENA COCA VIRUMB', '2023-09-05', NULL, NULL, NULL, 60.00, NULL, NULL, NULL),
(118, 1, 'ABONO REC.DOM.OT.ENT', '2023-09-06', NULL, NULL, NULL, 640.00, NULL, NULL, NULL),
(119, 1, 'LIQ.REM.DEBIT.INTERC', '2023-09-06', NULL, NULL, NULL, -8.71, NULL, 6, NULL),
(120, 1, 'AB.TR.SEPA 00053686401 GOMILA PEREZ ANTON', '2023-09-07', NULL, NULL, NULL, 160.00, NULL, NULL, NULL),
(121, 1, 'ABONO REC.DOM.OT.ENT', '2023-09-08', NULL, NULL, NULL, 1017.28, NULL, NULL, NULL),
(122, 1, 'DEV.RECIBOS', '2023-09-08', NULL, NULL, NULL, -160.00, NULL, NULL, NULL),
(123, 1, 'LIQ.REM.DEBIT.INTERC', '2023-09-08', NULL, NULL, NULL, -8.71, NULL, 6, NULL),
(124, 1, 'LIQ.REM.DEVOL.DEBIT.', '2023-09-08', NULL, NULL, NULL, -4.84, NULL, 6, NULL),
(125, 1, 'TRANSFER. PEDRO EGEA SANTIAGO', '2023-09-09', NULL, NULL, NULL, 300.00, NULL, NULL, NULL),
(126, 1, 'AB.TR.SEPA 00053729010 JOSE MIGUEL MUNAR', '2023-09-11', NULL, NULL, NULL, 65.00, NULL, NULL, NULL),
(127, 1, 'DEV.RECIBOS', '2023-09-11', NULL, NULL, NULL, -250.58, NULL, NULL, NULL),
(128, 1, 'LIQ.REM.DEVOL.DEBIT.', '2023-09-11', NULL, NULL, NULL, -4.84, NULL, 6, NULL),
(129, 1, 'TRANSFER. JAVIER FERNANDEZ', '2023-09-18', NULL, NULL, NULL, -302.00, NULL, 7, NULL),
(130, 1, 'TRANSFER. EMAYA', '2023-09-19', NULL, NULL, NULL, -438.09, NULL, 8, NULL),
(131, 1, 'DISP.EFV.-REINTEGRO PAGO CUARTO CONTADORE', '2023-09-22', NULL, NULL, NULL, -300.00, NULL, 7, NULL),
(132, 1, 'TRANSFER. ANTONIA MARIA PONS OLIVE', '2023-09-25', NULL, NULL, NULL, -95.00, NULL, 3, NULL),
(133, 1, 'TRANSFER. ANTONIA MARIA PONS OLIVE', '2023-09-25', NULL, NULL, NULL, -97.00, NULL, 4, NULL),
(134, 1, 'RECIBO GASILUZ 48B6B1A7ED69 0000000867303', '2023-10-02', NULL, NULL, NULL, -22.34, NULL, 1, 26),
(135, 1, 'AB.TR.SEPA 00054239684 SELENA COCA VIRUMB', '2023-10-03', NULL, NULL, NULL, 60.00, NULL, NULL, NULL),
(136, 1, 'TRANSFER. FACTURA LUZ', '2023-10-08', NULL, NULL, NULL, -69.59, NULL, 8, NULL),
(137, 1, 'RECIBO GASILUZ 48B6B1A7ED69 0000000869854', '2023-10-09', NULL, NULL, NULL, -30.55, NULL, 1, 27),
(138, 1, 'R.AGUA E.M.A.Y.A. 000070937798 0000000870', '2023-10-10', NULL, NULL, NULL, -517.72, NULL, 2, 3),
(139, 1, 'TRANSFER. EFIKAZ', '2023-10-12', NULL, NULL, NULL, -1342.00, NULL, 7, NULL),
(140, 1, 'RECIBO IVNOSYS SOLUCIONES H57525446/1 000', '2023-10-19', NULL, NULL, NULL, -41.41, NULL, 7, NULL),
(141, 1, 'TRANSFER. MARIA SALGUERO CALERO', '2023-10-29', NULL, NULL, NULL, 120.00, NULL, NULL, NULL),
(142, 1, 'AB.TR.SEPA 00054827788 MIQUEL ANGEL FERNA', '2023-10-31', NULL, NULL, NULL, 120.00, NULL, NULL, NULL),
(143, 1, 'TRANSFER. ANTONIA MARIA PONS OLIVE', '2023-11-01', NULL, NULL, NULL, -97.00, NULL, 4, NULL),
(144, 1, 'ABONO REC.DOM.OT.ENT', '2023-11-03', NULL, NULL, NULL, 640.00, NULL, NULL, NULL),
(145, 1, 'AB.TR.SEPA 00054938452 SELENA COCA VIRUMB', '2023-11-03', NULL, NULL, NULL, 60.00, NULL, NULL, NULL),
(146, 1, 'LIQ.REM.DEBIT.INTERC', '2023-11-03', NULL, NULL, NULL, -8.71, NULL, 6, NULL),
(147, 1, 'AB.TR.SEPA 00055029006 GOMILA PEREZ ANTON', '2023-11-07', NULL, NULL, NULL, 160.00, NULL, NULL, NULL),
(148, 1, 'AB.TR.SEPA 00055029007 GOMILA PEREZ ANTON', '2023-11-07', NULL, NULL, NULL, 140.00, NULL, NULL, NULL),
(149, 1, 'TRANSFER. ANTONIA MARIA PONS OLIVE', '2023-11-12', NULL, NULL, NULL, -95.00, NULL, 3, NULL),
(150, 1, 'AB.TR.SEPA 00055122983 JOSE MIGUEL MUNAR', '2023-11-13', NULL, NULL, NULL, 65.00, NULL, NULL, NULL),
(151, 1, 'RECIBO GASILUZ 48B6B1A7ED69 0000000879866', '2023-11-14', NULL, NULL, NULL, -20.89, NULL, 1, 28),
(152, 1, 'TRANSF.INM 00055186726 SELENA COCA VIRUMB', '2023-11-15', NULL, NULL, NULL, 690.50, NULL, NULL, NULL),
(153, 1, 'TRANSFER. PEDRO EGEA SANTIAGO', '2023-11-23', NULL, NULL, NULL, 370.00, NULL, NULL, NULL),
(154, 1, 'TRANSFER. ANTONIA MARIA PONS OLIVE', '2023-11-25', NULL, NULL, NULL, -95.00, NULL, 3, NULL),
(155, 1, 'TRANSFER. ANTONIA MARIA PONS OLIVE', '2023-11-25', NULL, NULL, NULL, -97.00, NULL, 4, NULL),
(156, 1, 'TRANSFER. JAVIER FERNANDEZ', '2023-11-26', NULL, NULL, NULL, -372.00, NULL, 7, NULL),
(157, 1, 'AB.TR.SEPA 00055417533 JOSE MIGUEL MUNAR', '2023-11-28', NULL, NULL, NULL, 260.50, NULL, NULL, NULL),
(158, 1, 'TRANSFER. SEGURO MAPHRE', '2023-11-29', NULL, NULL, NULL, -1324.07, NULL, 5, NULL),
(159, 1, 'AB.TR.SEPA 00055645879 SELENA COCA VIRUMB', '2023-12-05', NULL, NULL, NULL, 60.00, NULL, NULL, NULL),
(160, 1, 'RECIBO GASILUZ 48B6B1A7ED69 0000000887626', '2023-12-12', NULL, NULL, NULL, -23.53, NULL, 1, 29),
(161, 1, 'R.AGUA E.M.A.Y.A. 000070937798 0000000888', '2023-12-13', NULL, NULL, NULL, -494.93, NULL, 2, 4),
(162, 1, 'AB.TR.SEPA 00055968161 MIQUEL ANGEL FERNA', '2023-12-21', NULL, NULL, NULL, 120.00, NULL, NULL, NULL),
(163, 1, 'TRANSFER. MARIA SALGUERO CALERO', '2023-12-24', NULL, NULL, NULL, 240.00, NULL, NULL, NULL),
(164, 1, 'TRANSFER. ANTONIA MARIA PONS OLIVE', '2023-12-27', NULL, NULL, NULL, -95.00, NULL, 3, NULL),
(165, 1, 'TRANSFER. ANTONIA MARIA PONS OLIVE', '2023-12-27', NULL, NULL, NULL, -97.00, NULL, 4, NULL),
(166, 1, 'ABONO REC.DOM.OT.ENT', '2024-01-03', NULL, NULL, NULL, 640.00, NULL, NULL, NULL),
(167, 1, 'AB.TR.SEPA 00056250731 SELENA COCA VIRUMB', '2024-01-03', NULL, NULL, NULL, 60.00, NULL, NULL, NULL),
(168, 1, 'LIQ.REM.DEBIT.INTERC', '2024-01-03', NULL, NULL, NULL, -8.71, NULL, 6, NULL),
(169, 1, 'AB.TR.SEPA 00056286053 GOMILA PEREZ ANTON', '2024-01-04', NULL, NULL, NULL, 160.00, NULL, NULL, NULL),
(170, 1, 'AB.TR.SEPA 00056417717 JOSE MIGUEL MUNAR', '2024-01-11', NULL, NULL, NULL, 65.00, NULL, NULL, NULL),
(171, 1, 'RECIBO GASILUZ 48B6B1A7ED69 0000000896343', '2024-01-12', NULL, NULL, NULL, -20.45, NULL, 1, 10),
(172, 1, 'TRANSFER. CESARGAR', '2024-01-12', NULL, NULL, NULL, -115.29, NULL, 7, NULL),
(173, 1, 'TRANSFER. ARREGLO PUERTA ENTRADA', '2024-01-15', NULL, NULL, NULL, -227.95, NULL, 7, NULL),
(174, 1, 'LIQUID.PROPIA CUENTA', '2024-01-25', NULL, NULL, NULL, -127.20, NULL, 6, NULL),
(175, 1, 'TRANSFER. FACTURA DE LUZ', '2024-01-26', NULL, NULL, NULL, -138.69, NULL, 8, NULL),
(176, 1, 'TRANSFER. ANTONIA MARIA PONS OLIVE', '2024-01-29', NULL, NULL, NULL, -97.00, NULL, 4, NULL),
(177, 1, 'TRANSFER. ANTONIA MARIA PONS OLIVE', '2024-01-29', NULL, NULL, NULL, -95.00, NULL, 3, NULL),
(178, 1, 'AB.TR.SEPA 00056899547 SELENA COCA VIRUMB', '2024-02-05', NULL, NULL, NULL, 60.00, NULL, NULL, NULL),
(179, 1, 'RECIBO GASILUZ 48B6B1A7ED69 0000000902121', '2024-02-05', NULL, NULL, NULL, -17.51, NULL, 1, 11),
(180, 1, 'ENTREGA EFV.-IMPOS. PISO 3-A ENERO Y FEBR', '2024-02-05', NULL, NULL, NULL, 120.00, NULL, NULL, NULL),
(181, 1, 'TRANSFER. MARIA SALGUERO CALERO', '2024-02-08', NULL, NULL, NULL, 120.00, NULL, NULL, NULL),
(182, 1, 'R.AGUA E.M.A.Y.A. 000070937798 0000000904', '2024-02-12', NULL, NULL, NULL, -503.52, NULL, 2, 5),
(183, 1, 'TRANSFER. ANTONIA MARIA PONS OLIVE', '2024-02-25', NULL, NULL, NULL, -98.00, NULL, 4, NULL),
(184, 1, 'AB.TR.SEPA 00057296685 MIQUEL ANGEL FERNA', '2024-02-27', NULL, NULL, NULL, 150.00, NULL, NULL, NULL),
(185, 1, 'AB.TR.SEPA 00057525592 SELENA COCA VIRUMB', '2024-03-05', NULL, NULL, NULL, 60.00, NULL, NULL, NULL),
(186, 1, 'ABONO REC.DOM.OT.ENT', '2024-03-08', NULL, NULL, NULL, 640.00, NULL, NULL, NULL),
(187, 1, 'LIQ.REM.DEBIT.INTERC', '2024-03-08', NULL, NULL, NULL, -8.71, NULL, 6, NULL),
(188, 1, 'AB.TR.SEPA 00057627931 JOSE MIGUEL MUNAR', '2024-03-11', NULL, NULL, NULL, 65.00, NULL, NULL, NULL),
(189, 1, 'RECIBO GASILUZ 48B6B1A7ED69 0000000911619', '2024-03-11', NULL, NULL, NULL, -19.11, NULL, 1, 12),
(190, 1, 'DEV.RECIBOS', '2024-03-14', NULL, NULL, NULL, -160.00, NULL, NULL, NULL),
(191, 1, 'LIQ.REM.DEVOL.DEBIT.', '2024-03-14', NULL, NULL, NULL, -4.84, NULL, 6, NULL),
(192, 1, 'AB.TR.SEPA 00057788122 GOMILA PEREZ ANTON', '2024-03-19', NULL, NULL, NULL, 160.00, NULL, NULL, NULL),
(193, 1, 'TRANSFER. EMAYA', '2024-03-22', NULL, NULL, NULL, -527.27, NULL, 8, NULL),
(194, 1, 'TRANSFER. ANTONIA MARIA PONS OLIVE', '2024-03-26', NULL, NULL, NULL, -98.00, NULL, 4, NULL),
(195, 1, 'TRANSFER. ANTONIA MARIA PONS OLIVE', '2024-03-26', NULL, NULL, NULL, -214.00, NULL, 3, NULL),
(196, 1, 'AB.TR.SEPA 00058116989 SELENA COCA VIRUMB', '2024-04-03', NULL, NULL, NULL, 60.00, NULL, NULL, NULL),
(197, 1, 'TRANSFER. MARIA SALGUERO CALERO', '2024-04-07', NULL, NULL, NULL, 120.00, NULL, NULL, NULL),
(198, 1, 'RECIBO GASILUZ 48B6B1A7ED69 0000000919090', '2024-04-08', NULL, NULL, NULL, -19.62, NULL, 1, 13),
(199, 1, 'TRANSFER. ANTONIA MARIA PONS OLIVE', '2024-04-26', NULL, NULL, NULL, -98.00, NULL, 4, NULL),
(200, 1, 'TRANSFER. ANTONIA MARIA PONS OLIVE', '2024-04-26', NULL, NULL, NULL, -107.00, NULL, 3, NULL),
(201, 1, 'AB.TR.SEPA 00058638146 MIQUEL ANGEL FERNA', '2024-04-29', NULL, NULL, NULL, 150.00, NULL, NULL, NULL),
(202, 1, 'TRANSFER. JAIME PERELLO PONS', '2024-04-30', NULL, NULL, NULL, 160.00, NULL, NULL, NULL),
(203, 1, 'AB.TR.SEPA 00058735981 GOMILA PEREZ ANTON', '2024-05-02', NULL, NULL, NULL, 140.50, NULL, NULL, NULL),
(204, 1, 'R.AGUA E.M.A.Y.A. 000070937798 0000000922', '2024-05-02', NULL, NULL, NULL, -497.78, NULL, 2, 6),
(205, 1, 'ABONO REC.DOM.OT.ENT', '2024-05-03', NULL, NULL, NULL, 640.00, NULL, NULL, NULL),
(206, 1, 'AB.TR.SEPA 00058800970 SELENA COCA VIRUMB', '2024-05-03', NULL, NULL, NULL, 60.00, NULL, NULL, NULL),
(207, 1, 'LIQ.REM.DEBIT.INTERC', '2024-05-03', NULL, NULL, NULL, -8.71, NULL, 6, NULL),
(208, 1, 'RECIBO GASILUZ 48B6B1A7ED69 0000000926321', '2024-05-03', NULL, NULL, NULL, -18.86, NULL, 1, 14),
(209, 1, 'COMISIONES VARIAS RENOVACION LINEA DE REC', '2024-05-03', NULL, NULL, NULL, -100.00, NULL, 6, NULL),
(210, 1, 'AB.TR.SEPA 00058927142 JOSE MIGUEL MUNAR', '2024-05-08', NULL, NULL, NULL, 80.00, NULL, NULL, NULL),
(211, 1, 'DISP.EFV.-REINTEGRO ARREGLO VIGAS MARTORE', '2024-05-09', NULL, NULL, NULL, -400.00, NULL, 7, NULL),
(212, 1, 'AB.TR.SEPA 00058992281 JOSE MIGUEL MUNAR', '2024-05-13', NULL, NULL, NULL, 65.00, NULL, NULL, NULL),
(213, 1, 'AB.TR.SEPA 00059035308 GOMILA PEREZ ANTON', '2024-05-14', NULL, NULL, NULL, 160.00, NULL, NULL, NULL),
(214, 1, 'AB.TR.SEPA 00059084455 ELIZABETH SARRIA M', '2024-05-16', NULL, NULL, NULL, 120.00, NULL, NULL, NULL),
(215, 1, 'TRANSFER. ANTONIA MARIA PONS OLIVE', '2024-05-30', NULL, NULL, NULL, -98.00, NULL, 4, NULL),
(216, 1, 'TRANSFER. ANTONIA MARIA PONS OLIVE', '2024-05-30', NULL, NULL, NULL, -107.00, NULL, 3, NULL),
(217, 1, 'AB.TR.SEPA 00059533687 SELENA COCA VIRUMB', '2024-06-04', NULL, NULL, NULL, 60.00, NULL, NULL, NULL),
(218, 1, 'RECIBO GASILUZ 48B6B1A7ED69 0000000937157', '2024-06-10', NULL, NULL, NULL, -21.07, NULL, 1, 15),
(219, 1, 'TRANSFER. ANTONIA MARIA PONS OLIVE', '2024-06-26', NULL, NULL, NULL, -98.00, NULL, 4, NULL),
(220, 1, 'TRANSFER. ANTONIA MARIA PONS OLIVE', '2024-06-26', NULL, NULL, NULL, -107.00, NULL, 3, NULL),
(221, 1, 'AB.TR.SEPA 00060032850 MIQUEL ANGEL FERNA', '2024-06-27', NULL, NULL, NULL, 150.00, NULL, NULL, NULL),
(222, 1, 'TRANSFER. MARIA SALGUERO CALERO', '2024-06-27', NULL, NULL, NULL, 120.00, NULL, NULL, NULL),
(223, 1, 'ABONO REC.DOM.OT.ENT', '2024-07-03', NULL, NULL, NULL, 640.00, NULL, NULL, NULL),
(224, 1, 'LIQ.REM.DEBIT.INTERC', '2024-07-03', NULL, NULL, NULL, -8.71, NULL, 6, NULL),
(225, 1, 'RECIBO GASILUZ 48B6B1A7ED69 0000000945814', '2024-07-08', NULL, NULL, NULL, -21.52, NULL, 1, 16),
(226, 1, 'AB.TR.SEPA 00060410294 SELENA COCA VIRUMB', '2024-07-09', NULL, NULL, NULL, 60.00, NULL, NULL, NULL),
(227, 1, 'AB.TR.SEPA 00060458124 JOSE MIGUEL MUNAR', '2024-07-11', NULL, NULL, NULL, 65.00, NULL, NULL, NULL),
(228, 1, 'AB.TR.SEPA 00060553242 GOMILA PEREZ ANTON', '2024-07-16', NULL, NULL, NULL, 160.00, NULL, NULL, NULL),
(229, 1, 'LIQUID.PROPIA CUENTA', '2024-07-25', NULL, NULL, NULL, -119.95, NULL, 6, NULL),
(230, 1, 'TRANSFER. JAIME PERELLO PONS', '2024-07-26', NULL, NULL, NULL, 320.00, NULL, NULL, NULL),
(231, 1, 'ABONO REC.DOM.OT.ENT', '2024-07-29', NULL, NULL, NULL, 120.00, NULL, NULL, NULL),
(232, 1, 'LIQ.REM.DEBIT.INTERC', '2024-07-29', NULL, NULL, NULL, -2.18, NULL, 6, NULL),
(233, 1, 'TRANSFER. ANTONIA MARIA PONS OLIVE', '2024-07-29', NULL, NULL, NULL, -98.00, NULL, 4, NULL),
(234, 1, 'TRANSFER. ANTONIA MARIA PONS OLIVE', '2024-07-29', NULL, NULL, NULL, -157.00, NULL, 3, NULL),
(235, 1, 'DISP.EFV.-REINTEGRO PAGO RESTO VIGAS ATIC', '2024-08-01', NULL, NULL, NULL, -150.00, NULL, 7, NULL),
(236, 1, 'TRANSFER. JAIME PERELLO PONS', '2024-08-02', NULL, NULL, NULL, 480.00, NULL, NULL, NULL),
(237, 1, 'AB.TR.SEPA 00061033598 SELENA COCA VIRUMB', '2024-08-05', NULL, NULL, NULL, 60.00, NULL, NULL, NULL),
(238, 1, 'RECIBO GASILUZ 48B6B1A7ED69 0000000954334', '2024-08-06', NULL, NULL, NULL, -16.92, NULL, 1, 17),
(239, 1, 'RECIBO PROFESSIONAL GROUP C 010000777234', '2024-08-09', NULL, NULL, NULL, -37.30, NULL, 7, NULL),
(240, 1, 'R.AGUA E.M.A.Y.A. 000070937798 0000000955', '2024-08-09', NULL, NULL, NULL, -547.72, NULL, 2, 7),
(241, 1, 'TRANSFER. EMAYA', '2024-08-16', NULL, NULL, NULL, -507.68, NULL, 8, NULL),
(242, 1, 'TRANSFER. ANTONIA MARIA PONS OLIVE', '2024-08-24', NULL, NULL, NULL, -98.00, NULL, 4, NULL),
(243, 1, 'TRANSFER. ANTONIA MARIA PONS OLIVE', '2024-08-24', NULL, NULL, NULL, -157.00, NULL, 3, NULL),
(244, 1, 'AB.TR.SEPA 00061494938 MIQUEL ANGEL FERNA', '2024-08-29', NULL, NULL, NULL, 200.00, NULL, NULL, NULL),
(245, 1, 'TRANSFER. MARIA SALGUERO CALERO', '2024-09-01', NULL, NULL, NULL, 120.00, NULL, NULL, NULL),
(246, 1, 'AB.TR.SEPA 00061668827 SELENA COCA VIRUMB', '2024-09-03', NULL, NULL, NULL, 60.00, NULL, NULL, NULL),
(247, 1, 'ABONO REC.DOM.OT.ENT', '2024-09-05', NULL, NULL, NULL, 760.00, NULL, NULL, NULL),
(248, 1, 'LIQ.REM.DEBIT.INTERC', '2024-09-05', NULL, NULL, NULL, -10.89, NULL, 6, NULL),
(249, 1, 'RECIBO GASILUZ 48B6B1A7ED69 0000000963020', '2024-09-10', NULL, NULL, NULL, -20.59, NULL, 1, 18),
(250, 1, 'AB.TR.SEPA 00061861392 JOSE MIGUEL MUNAR', '2024-09-11', NULL, NULL, NULL, 65.00, NULL, NULL, NULL),
(251, 1, 'TRANSFER. MARIA SALGUERO CALERO', '2024-09-11', NULL, NULL, NULL, 300.00, NULL, NULL, NULL),
(252, 1, 'AB.TR.SEPA 00062014074 GOMILA PEREZ ANTON', '2024-09-19', NULL, NULL, NULL, 120.00, NULL, NULL, NULL),
(253, 1, 'TRANSFER. EFIKAZ CONSTRUCTOR', '2024-09-24', NULL, NULL, NULL, -1002.00, NULL, 7, NULL),
(254, 1, 'TRANSFER. ANTONIA MARIA PONS OLIVE', '2024-09-26', NULL, NULL, NULL, -157.00, NULL, 3, NULL),
(255, 1, 'TRANSFER. ANTONIA MARIA PONS OLIVE', '2024-09-26', NULL, NULL, NULL, -98.00, NULL, 4, NULL),
(256, 1, 'ABONO REC.DOM.OT.ENT', '2024-10-02', NULL, NULL, NULL, 80.00, NULL, NULL, NULL),
(257, 1, 'LIQ.REM.DEBIT.INTERC', '2024-10-02', NULL, NULL, NULL, -2.18, NULL, 6, NULL),
(258, 1, 'RECIBO GASILUZ 48B6B1A7ED69 0000000970606', '2024-10-07', NULL, NULL, NULL, -18.22, NULL, 1, 19),
(259, 1, 'R.AGUA E.M.A.Y.A. 000070937798 0000000971', '2024-10-09', NULL, NULL, NULL, -568.23, NULL, 2, 8),
(260, 1, 'ABONO REC.DOM.OT.ENT', '2024-10-18', NULL, NULL, NULL, 60.00, NULL, NULL, NULL),
(261, 1, 'LIQ.REM.DEBIT.INTERC', '2024-10-18', NULL, NULL, NULL, -2.18, NULL, 6, NULL),
(262, 1, 'TRANSFER. ANTONIA MARIA PONS OLIVE', '2024-10-25', NULL, NULL, NULL, -98.00, NULL, 4, NULL),
(263, 1, 'TRANSFER. ANTONIA MARIA PONS OLIVE', '2024-10-25', NULL, NULL, NULL, -157.00, NULL, 3, NULL),
(264, 1, 'AB.TR.SEPA 00062892889 MIQUEL ANGEL FERNA', '2024-10-28', NULL, NULL, NULL, 200.00, NULL, NULL, NULL),
(265, 1, 'RECIBO IVNOSYS SOLUCIONES H57525446 00000', '2024-10-29', NULL, NULL, NULL, -47.48, NULL, 8, NULL),
(266, 1, 'TRANSFER. MARIA SALGUERO CALERO', '2024-11-01', NULL, NULL, NULL, 120.00, NULL, NULL, NULL),
(267, 1, 'ANULACION IVNOSYS SOLUCIONES H57525446 00', '2024-11-01', NULL, NULL, NULL, 47.48, NULL, 8, NULL),
(268, 1, 'ABONO REC.DOM.OT.ENT', '2024-11-04', NULL, NULL, NULL, 820.00, NULL, NULL, NULL),
(269, 1, 'LIQ.REM.DEBIT.INTERC', '2024-11-04', NULL, NULL, NULL, -13.07, NULL, 6, NULL),
(270, 1, 'RECIBO GASILUZ 48B6B1A7ED69 0000000978445', '2024-11-05', NULL, NULL, NULL, -18.31, NULL, 1, NULL),
(271, 1, 'TRANSFER. ENCARNA JERONIMO GONZALE', '2024-11-06', NULL, NULL, NULL, -42.00, NULL, NULL, NULL),
(272, 1, 'AB.TR.SEPA 00063266728 JOSE MIGUEL MUNAR', '2024-11-11', NULL, NULL, NULL, 65.00, NULL, NULL, NULL),
(273, 1, 'AB.TR.SEPA 00063338092 GOMILA PEREZ ANTON', '2024-11-13', NULL, NULL, NULL, 120.00, NULL, NULL, NULL),
(274, 1, 'TRANSFER. ANTONIA MARIA PONS OLIVE', '2024-11-27', NULL, NULL, NULL, -157.00, NULL, 3, NULL),
(275, 1, 'TRANSFER. ANTONIA MARIA PONS OLIVE', '2024-11-27', NULL, NULL, NULL, -98.00, NULL, 4, NULL),
(276, 1, 'TRASPASO CDAD PROP CL CARLOS I', '2024-12-01', NULL, NULL, NULL, 1667.47, NULL, 8, NULL),
(277, 1, 'TRANSFER. SEGURO COMUNITARIO MAPHR', '2024-12-01', NULL, NULL, NULL, -1525.72, NULL, 5, NULL),
(278, 1, 'ABONO REC.DOM.OT.ENT', '2024-12-04', NULL, NULL, NULL, 60.00, NULL, NULL, NULL),
(279, 1, 'LIQ.REM.DEBIT.INTERC', '2024-12-04', NULL, NULL, NULL, -2.18, NULL, 6, NULL),
(280, 1, 'R.AGUA E.M.A.Y.A. 000070937798 0000000989', '2024-12-11', NULL, NULL, NULL, -579.27, NULL, 2, 9),
(281, 1, 'RECIBO GASILUZ 48B6B1A7ED69 0000000989927', '2024-12-12', NULL, NULL, NULL, -22.60, NULL, 1, NULL),
(282, 1, 'TRASPASO CDAD PROP CL CARLOS I', '2024-12-16', NULL, NULL, NULL, 215.98, NULL, 8, NULL),
(283, 1, 'AB.TR.SEPA 00064239943 MIQUEL ANGEL FERNA', '2024-12-23', NULL, NULL, NULL, 200.00, NULL, NULL, NULL),
(284, 1, 'TRANSFER. EFIKAZ', '2024-12-24', NULL, NULL, NULL, -490.00, NULL, 7, NULL),
(285, 1, 'TRANSFER. ANTONIA MARIA PONS OLIVE', '2024-12-27', NULL, NULL, NULL, -157.00, NULL, 4, NULL),
(286, 1, 'TRANSFER. ANTONIA MARIA PONS OLIVE', '2024-12-27', NULL, NULL, NULL, -98.00, NULL, 3, NULL),
(287, 1, 'RECIBO LAE CONSULTING NORMA C 86612/2024', '2024-12-31', NULL, NULL, NULL, -194.60, NULL, 7, NULL);

-- --------------------------------------------------------

--
-- Estructura de tabla para la tabla `PERFIL`
--

CREATE TABLE `PERFIL` (
  `per_perfil` int(11) NOT NULL,
  `per_nombre` varchar(99) NOT NULL
) ENGINE=InnoDB DEFAULT CHARSET=utf8mb3 COLLATE=utf8mb3_general_ci;

--
-- Volcado de datos para la tabla `PERFIL`
--

INSERT INTO `PERFIL` (`per_perfil`, `per_nombre`) VALUES
(1, 'Administración'),
(2, 'Autorizado'),
(3, 'Usuario');

-- --------------------------------------------------------

--
-- Estructura de tabla para la tabla `PISO`
--

CREATE TABLE `PISO` (
  `pis_piso` int(11) NOT NULL,
  `pis_comunidad` int(11) NOT NULL,
  `pis_nombre` varchar(10) NOT NULL,
  `pis_porcentaje` decimal(7,3) NOT NULL DEFAULT 0.000,
  `pis_comentario` varchar(999) DEFAULT NULL
) ENGINE=InnoDB DEFAULT CHARSET=utf8mb3 COLLATE=utf8mb3_general_ci;

--
-- Volcado de datos para la tabla `PISO`
--

INSERT INTO `PISO` (`pis_piso`, `pis_comunidad`, `pis_nombre`, `pis_porcentaje`, `pis_comentario`) VALUES
(1, 1, 'LOCAL', 23.000, NULL),
(2, 1, 'PISO 1A', 6.800, NULL),
(3, 1, 'PISO 1B', 6.700, NULL),
(4, 1, 'PISO 1C', 7.500, NULL),
(5, 1, 'PISO 2A', 6.800, NULL),
(6, 1, 'PISO 2B', 6.700, NULL),
(7, 1, 'PISO 2C', 7.500, NULL),
(8, 1, 'PISO 3A', 6.800, NULL),
(9, 1, 'PISO 3B', 6.700, NULL),
(10, 1, 'PISO 3C', 7.500, NULL),
(11, 1, 'PISO 4A', 7.000, NULL),
(12, 1, 'PISO 4B', 7.000, NULL);

-- --------------------------------------------------------

--
-- Estructura de tabla para la tabla `PROMESA`
--

CREATE TABLE `PROMESA` (
  `psm_promesa` int(11) NOT NULL COMMENT 'id de la promesa',
  `psm_detalle` varchar(200) NOT NULL COMMENT 'descripción de la promesa',
  `psm_fdesde` date NOT NULL COMMENT 'fecha desde la que aplica (inclusive)',
  `psm_fhasta` date NOT NULL DEFAULT '9999-12-31' COMMENT 'fecha hasta la que aplica (inclusive)',
  `psm_comunidad` int(11) NOT NULL COMMENT 'id de la comunidad',
  `psm_importe` decimal(8,2) NOT NULL COMMENT 'importe periódico de la promesa',
  `psm_periodo` int(11) NOT NULL COMMENT 'cada cuantos meses se renueva',
  `psm_derrama` int(1) NOT NULL DEFAULT 0
) ENGINE=InnoDB DEFAULT CHARSET=utf8mb4 COLLATE=utf8mb4_general_ci;

--
-- Volcado de datos para la tabla `PROMESA`
--

INSERT INTO `PROMESA` (`psm_promesa`, `psm_detalle`, `psm_fdesde`, `psm_fhasta`, `psm_comunidad`, `psm_importe`, `psm_periodo`, `psm_derrama`) VALUES
(0, 'Ajuste Saldos Primer uso', '2024-12-01', '2024-12-31', 1, 0.00, 0, 0),
(1, 'Cuota pisos (menos 1C)', '2025-01-01', '9999-12-31', 1, -120.00, 2, 0),
(2, 'Cuota piso 1C', '2025-01-01', '9999-12-31', 1, -65.00, 2, 0),
(3, 'Cuota local', '2025-01-01', '9999-12-31', 1, -140.00, 2, 0);

-- --------------------------------------------------------

--
-- Estructura de tabla para la tabla `PROMESA_PISO`
--

CREATE TABLE `PROMESA_PISO` (
  `prp_promesa` int(11) NOT NULL,
  `prp_piso` int(11) NOT NULL
) ENGINE=InnoDB DEFAULT CHARSET=utf8mb4 COLLATE=utf8mb4_unicode_ci;

--
-- Volcado de datos para la tabla `PROMESA_PISO`
--

INSERT INTO `PROMESA_PISO` (`prp_promesa`, `prp_piso`) VALUES
(1, 2),
(1, 3),
(1, 5),
(1, 6),
(1, 7),
(1, 8),
(1, 9),
(1, 10),
(1, 11),
(1, 12),
(2, 4),
(3, 1);

-- --------------------------------------------------------

--
-- Estructura de tabla para la tabla `PROPIETARIO`
--

CREATE TABLE `PROPIETARIO` (
  `pro_propietario` int(11) NOT NULL,
  `pro_nombre` varchar(50) NOT NULL,
  `pro_apellidos` varchar(50) DEFAULT NULL,
  `pro_dni` varchar(20) DEFAULT NULL,
  `pro_fnacimiento` date DEFAULT NULL,
  `pro_correo` varchar(99) DEFAULT NULL,
  `pro_telefono` varchar(20) DEFAULT NULL
) ENGINE=InnoDB DEFAULT CHARSET=utf8mb3 COLLATE=utf8mb3_general_ci;

--
-- Volcado de datos para la tabla `PROPIETARIO`
--

INSERT INTO `PROPIETARIO` (`pro_propietario`, `pro_nombre`, `pro_apellidos`, `pro_dni`, `pro_fnacimiento`, `pro_correo`, `pro_telefono`) VALUES
(1, 'José Miguel', 'Munar Galiano', '44329367H', NULL, 'cusquiskas@gmail.com', NULL);

-- --------------------------------------------------------

--
-- Estructura de tabla para la tabla `PROPIETARIO_PISO`
--

CREATE TABLE `PROPIETARIO_PISO` (
  `ppi_propietario` int(11) NOT NULL,
  `ppi_piso` int(11) NOT NULL,
  `ppi_desde` date NOT NULL,
  `ppi_hasta` date NOT NULL,
  `ppi_inquilino` int(11) NOT NULL
) ENGINE=InnoDB DEFAULT CHARSET=utf8mb3 COLLATE=utf8mb3_general_ci;

--
-- Volcado de datos para la tabla `PROPIETARIO_PISO`
--

INSERT INTO `PROPIETARIO_PISO` (`ppi_propietario`, `ppi_piso`, `ppi_desde`, `ppi_hasta`, `ppi_inquilino`) VALUES
(1, 4, '2024-12-23', '9999-12-31', 0);

-- --------------------------------------------------------

--
-- Estructura de tabla para la tabla `REPARTO`
--

CREATE TABLE `REPARTO` (
  `rep_reparto` int(11) NOT NULL,
  `rep_nombre` varchar(99) NOT NULL
) ENGINE=InnoDB DEFAULT CHARSET=utf8mb3 COLLATE=utf8mb3_bin;

--
-- Volcado de datos para la tabla `REPARTO`
--

INSERT INTO `REPARTO` (`rep_reparto`, `rep_nombre`) VALUES
(1, 'Partes iguales'),
(2, 'Porcentaje'),
(3, 'Importe Fijo');

-- --------------------------------------------------------

--
-- Estructura de tabla para la tabla `SESION`
--

CREATE TABLE `SESION` (
  `ses_correo` varchar(99) NOT NULL,
  `ses_token` varchar(99) NOT NULL,
  `ses_primero` datetime NOT NULL,
  `ses_ultimo` datetime NOT NULL
) ENGINE=InnoDB DEFAULT CHARSET=utf8mb3 COLLATE=utf8mb3_general_ci;

--
-- Volcado de datos para la tabla `SESION`
--

INSERT INTO `SESION` (`ses_correo`, `ses_token`, `ses_primero`, `ses_ultimo`) VALUES
('cusquiskas@gmail.com', '01ed2fb58be4a6c1a995cea36d9a2213eccbb1f4a0b4d3da7aaac7d645e15600', '2024-10-12 09:22:57', '2024-10-12 09:24:03'),
('cusquiskas@gmail.com', '070b7a971cbd86ab5db941d441028c72aabc82ba107ddce2f07822ec9e8d57ae', '2024-10-16 07:55:14', '2024-10-16 07:55:20'),
('cusquiskas@gmail.com', '0caffa9812d888f9346826219df25cdb340ebe0c22d3d6b4f23f083a5e99623b', '2024-10-29 20:25:15', '2024-10-29 21:57:26'),
('cusquiskas@gmail.com', '15f80e8ef21e7a1eb3f828744ef33ec3c02299dac1d9a7d867855b84a6f926a8', '2025-02-12 10:36:36', '2025-02-12 10:39:02'),
('cusquiskas@gmail.com', '218098efb8206fc781ada4ab7134ed166b5b2305fd9438bd0354c42ff98f36b6', '2024-09-18 20:44:45', '2024-09-18 21:08:35'),
('cusquiskas@gmail.com', '2388bf35440539f6530ec6bae21e5d9c4d247f94c12e0095d3710934b626b42d', '2024-09-18 19:30:49', '2024-09-18 19:31:16'),
('cusquiskas@gmail.com', '2c402ade711b555538b7e648b1854acd87843c5f5ecc200793924506045216dd', '2024-12-17 18:46:35', '2024-12-17 18:46:36'),
('cusquiskas@gmail.com', '2d3bcd77de0d2ac8c4ecdfa298707f43e7debcc93d7720891aa79f79d645ab54', '2025-01-28 20:31:20', '2025-01-28 20:46:28'),
('cusquiskas@gmail.com', '3857c5e05741789504536cfe5b9ecc354177c6dfe029e8464d05d27e079f0a42', '2024-10-18 20:14:16', '2024-10-18 20:14:41'),
('cusquiskas@gmail.com', '391eb5c0a939fbf8f27e424a34badd6f007254a3e4c2a1cfdf347c10be57fafe', '2024-08-02 17:02:47', '2024-08-02 18:15:16'),
('cusquiskas@gmail.com', '40d8b412b632d43138e072de78d6830b2b72aabcce2b31cca5d35f6a5acc0a26', '2024-12-23 18:28:08', '2024-12-23 18:29:26'),
('cusquiskas@gmail.com', '58774eb77b3d76d4d7edfd48d1ed284b1610629d501cd459a50ffd352fb562dd', '2024-12-27 00:52:43', '2024-12-27 00:53:19'),
('cusquiskas@gmail.com', '59eecab4a9437876e6ccd563185f8716da0820bc9f3801fbab029ba7bc4b832f', '2024-10-15 21:22:22', '2024-10-15 21:24:56'),
('cusquiskas@gmail.com', '64f6bfd6252e0aac4e7b2657941dedf4d94737b12e418be140f100753aff7965', '2025-02-17 23:09:10', '2025-02-17 23:13:03'),
('cusquiskas@gmail.com', '6568a47d2504235891e84fbe0eb6f3db43bc76793568df7b14dbfd808a51ded1', '2024-12-23 15:18:27', '2024-12-23 16:24:23'),
('cusquiskas@gmail.com', '6baba6753bd6c96bdeb24da49417aebfce960e6b2233743cb0e3ed01b77be05c', '2024-08-01 14:16:41', '2024-08-01 14:38:29'),
('cusquiskas@gmail.com', '771bfb28ea137a815331f2586bf0a0a17e8341b063bc5df0beabeba90a9e6c6b', '2024-10-31 13:43:53', '2024-10-31 13:43:57'),
('cusquiskas@gmail.com', '86145e11988aaaf0a15a441b70b37e27089e2df9b24ef58741327be1f8ce4cc9', '2024-10-12 09:24:37', '9999-12-29 00:00:00'),
('cusquiskas@gmail.com', '896036bffd69dad158a0d4b73a6ead6b77b485acfe0ae8dd977a57972726e325', '2024-12-11 09:58:12', '2024-12-11 09:58:22'),
('cusquiskas@gmail.com', '8d58be6d0dac76717a5333fa6912b10a30547ec1761a418f266acb223621c5f7', '2024-07-28 13:25:01', '2024-07-28 15:54:10'),
('cusquiskas@gmail.com', '971d39675d16826180dc73b2c652abdf398b1d2d369b742aab35e7fd00d00b94', '2024-09-18 19:51:55', '2024-09-18 19:53:27'),
('cusquiskas@gmail.com', '98be9c4617cfa0828976f17c1a6b8a3def2f267c76b61c69e43a26e746042d41', '2024-08-01 23:59:56', '2024-08-02 00:36:28'),
('cusquiskas@gmail.com', 'ae559d01670620117969d217722739ee33d7c139d06accd8136841f339efcd72', '2024-12-23 16:24:45', '2024-12-23 16:27:44'),
('cusquiskas@gmail.com', 'b3472fc16949eb3072434018f193f044556e2c09e3e4c83433a57f84dd5cd9e7', '2024-12-23 23:50:10', '2024-12-23 23:55:39'),
('cusquiskas@gmail.com', 'b5dd8298a09f1daade045aa3b4f75c15a89edb2d3494cd0b788a9ef93a24fbef', '2024-10-15 21:33:49', '9999-12-29 00:00:00'),
('cusquiskas@gmail.com', 'b68bd2efe78b850e4cb5ae24858c223a120c896e036274accee312f66ce5b62d', '2024-09-18 20:02:56', '2024-09-18 20:04:50'),
('cusquiskas@gmail.com', 'bc141b5047a8993e9d2918f85d2b0d9cd7bb344f2be78ef50f109df5a802b91d', '2025-02-13 19:26:50', '2025-02-13 19:27:24'),
('cusquiskas@gmail.com', 'c452f2a0659c272397f8044e3d0bb8dea5647e3e5a8c5dbef5cddea165ec8fbb', '2025-02-19 22:26:05', '2025-02-19 22:26:06'),
('cusquiskas@gmail.com', 'd093b6f2133e9459bfe411c8d84f815136623d73b862c33ad1f03285f3ad9bcf', '2025-02-19 20:51:37', '2025-02-19 21:40:47'),
('cusquiskas@gmail.com', 'd1c56f372a0407005c46966cc972b5072c052b6420f34389601661d4ed8ca7a8', '2024-10-31 11:42:47', '2024-10-31 11:42:51'),
('cusquiskas@gmail.com', 'd2d4e35ec6332b75de2fde1af89be7953d95bd27f83fe8249274eaadc7f06243', '2024-10-15 21:33:33', '9999-12-29 00:00:00'),
('cusquiskas@gmail.com', 'd3eef3796f0536304ecd524384af2e35d7efc3a05b1ca4a147c8c5e29ba6f526', '2024-09-11 19:39:24', '2024-09-11 19:39:31'),
('cusquiskas@gmail.com', 'db03c4c6ac5ef905ba545fd08eb5f9cb78c6913cb30ec7e4f185ca70337ec547', '2024-10-12 09:26:31', '2024-10-12 09:26:48'),
('cusquiskas@gmail.com', 'df79013d6bb039121347f3e98b31227c2b3911f11152b8d379ee695ef50f9c8f', '2024-10-12 09:24:47', '9999-12-29 00:00:00'),
('cusquiskas@gmail.com', 'e91c0c60b649bcc94910d1a3e5b5afda261edecbe9a1edb1b33f7b35d8a51894', '2024-12-27 00:51:51', '2024-12-27 00:51:52'),
('cusquiskas@gmail.com', 'f1602eb4dedbe320d6ab95876afb54505a454e8f5f29cc5be68cfa2514a8b7f4', '2024-12-27 00:49:08', '2024-12-27 00:49:20'),
('cusquiskas@gmail.com', 'f3fcc756c625e8301075cb476f24577605cf4bb8aed7a651a97825f25e2a4d20', '2024-10-15 21:30:22', '9999-12-29 00:00:00'),
('cusquiskas@gmail.com', 'f7a837f4623cca2a69f91ac34a8b18ba43d7fb16194927405ff5698e02a945b7', '2024-08-07 19:06:42', '2024-08-07 19:52:04'),
('cusquiskas@gmail.com', 'fee6c69307a59bf3516c11d1daf75ea41343d3b71445c7e16f7fea5f79d67609', '2024-10-11 11:51:25', '2024-10-11 11:51:26');

-- --------------------------------------------------------

--
-- Estructura de tabla para la tabla `SPLIT`
--

CREATE TABLE `SPLIT` (
  `spl_split` int(11) NOT NULL COMMENT 'id del split',
  `spl_comunidad` int(11) NOT NULL COMMENT 'id de la comunidad',
  `spl_movimiento` int(11) NOT NULL COMMENT 'id del movimiento',
  `spl_fecha` date NOT NULL COMMENT 'fecha del movimiento',
  `spl_detalle` varchar(300) NOT NULL COMMENT 'descripción del movimiento',
  `spl_importe` decimal(7,3) NOT NULL COMMENT 'importe del movimiento',
  `spl_piso` int(11) DEFAULT NULL,
  `spl_gasto` int(11) DEFAULT NULL,
  `spl_documento` int(11) DEFAULT NULL
) ENGINE=InnoDB DEFAULT CHARSET=utf8mb4 COLLATE=utf8mb4_general_ci;

--
-- Volcado de datos para la tabla `SPLIT`
--

INSERT INTO `SPLIT` (`spl_split`, `spl_comunidad`, `spl_movimiento`, `spl_fecha`, `spl_detalle`, `spl_importe`, `spl_piso`, `spl_gasto`, `spl_documento`) VALUES
(3, 1, 144, '2023-11-03', 'ABONO REC.DOM.OT.ENT 2A', 160.000, NULL, NULL, NULL),
(4, 1, 144, '2023-11-03', 'ABONO REC.DOM.OT.ENT 2B', 160.000, NULL, NULL, NULL),
(5, 1, 144, '2023-11-03', 'ABONO REC.DOM.OT.ENT 3B', 160.000, NULL, NULL, NULL),
(6, 1, 144, '2023-11-03', 'ABONO REC.DOM.OT.ENT 4B', 160.000, NULL, NULL, NULL),
(7, 1, 118, '2023-09-06', 'ABONO REC.DOM.OT.ENT 2A', 160.000, NULL, NULL, NULL),
(8, 1, 118, '2023-09-06', 'ABONO REC.DOM.OT.ENT 2B', 160.000, NULL, NULL, NULL),
(9, 1, 118, '2023-09-06', 'ABONO REC.DOM.OT.ENT 3B', 160.000, NULL, NULL, NULL),
(10, 1, 118, '2023-09-06', 'ABONO REC.DOM.OT.ENT 4B', 160.000, NULL, NULL, NULL),
(11, 1, 90, '2023-07-03', 'ABONO REC.DOM.OT.ENT 2A', 160.000, NULL, NULL, NULL),
(12, 1, 90, '2023-07-03', 'ABONO REC.DOM.OT.ENT 2B', 160.000, NULL, NULL, NULL),
(13, 1, 90, '2023-07-03', 'ABONO REC.DOM.OT.ENT 3B', 160.000, NULL, NULL, NULL),
(14, 1, 90, '2023-07-03', 'ABONO REC.DOM.OT.ENT 4B', 160.000, NULL, NULL, NULL),
(15, 1, 86, '2023-06-14', 'ABONO REC.DOM.OT.ENT 2A', 160.000, NULL, NULL, NULL),
(16, 1, 86, '2023-06-14', 'ABONO REC.DOM.OT.ENT 2B', 160.000, NULL, NULL, NULL),
(17, 1, 86, '2023-06-14', 'ABONO REC.DOM.OT.ENT 3B', 160.000, NULL, NULL, NULL),
(18, 1, 86, '2023-06-14', 'ABONO REC.DOM.OT.ENT 4B', 160.000, NULL, NULL, NULL);

-- --------------------------------------------------------

--
-- Estructura de tabla para la tabla `USUARIO`
--

CREATE TABLE `USUARIO` (
  `usu_correo` varchar(99) NOT NULL,
  `usu_nombre` varchar(99) NOT NULL,
  `usu_contrasena` varchar(99) NOT NULL,
  `usu_errorlogin` int(11) NOT NULL,
  `usu_facceso` datetime NOT NULL,
  `usu_fvalida` date NOT NULL
) ENGINE=InnoDB DEFAULT CHARSET=utf8mb3 COLLATE=utf8mb3_general_ci;

--
-- Volcado de datos para la tabla `USUARIO`
--

INSERT INTO `USUARIO` (`usu_correo`, `usu_nombre`, `usu_contrasena`, `usu_errorlogin`, `usu_facceso`, `usu_fvalida`) VALUES
('antoniapons@me.com', 'Antonia', 'ce86e5921962c3ec0f2f5901790ee4bc', 0, '2023-06-26 22:58:19', '2022-06-03'),
('cusquiskas@gmail.com', 'José Miguel', '40eabb65767eebcf90005c8c68e101fa', 0, '2025-02-19 22:26:05', '2024-05-01');

-- --------------------------------------------------------

--
-- Estructura de tabla para la tabla `USUARIO_COMUNIDAD`
--

CREATE TABLE `USUARIO_COMUNIDAD` (
  `uco_comunidad` int(11) NOT NULL,
  `uco_correo` varchar(99) NOT NULL,
  `uco_perfil` int(11) NOT NULL,
  `uco_desde` date NOT NULL,
  `uco_hasta` date NOT NULL
) ENGINE=InnoDB DEFAULT CHARSET=utf8mb3 COLLATE=utf8mb3_general_ci;

--
-- Volcado de datos para la tabla `USUARIO_COMUNIDAD`
--

INSERT INTO `USUARIO_COMUNIDAD` (`uco_comunidad`, `uco_correo`, `uco_perfil`, `uco_desde`, `uco_hasta`) VALUES
(1, 'antoniapons@me.com', 1, '2023-06-05', '9999-12-31'),
(1, 'cusquiskas@gmail.com', 1, '2024-05-01', '9999-12-31');

--
-- Índices para tablas volcadas
--

--
-- Indices de la tabla `COMUNIDAD`
--
ALTER TABLE `COMUNIDAD`
  ADD PRIMARY KEY (`com_comunidad`);

--
-- Indices de la tabla `DEUDA`
--
ALTER TABLE `DEUDA`
  ADD PRIMARY KEY (`dud_comunidad`,`dud_piso`,`dud_promesa`,`dud_fecha`),
  ADD KEY `dud_pis_fk` (`dud_piso`),
  ADD KEY `dud_prp_fk` (`dud_promesa`);

--
-- Indices de la tabla `DOCUMENTO`
--
ALTER TABLE `DOCUMENTO`
  ADD PRIMARY KEY (`doc_documento`),
  ADD UNIQUE KEY `doc_almacenado_ix` (`doc_almacenado`),
  ADD KEY `doc_com_fk` (`doc_comunidad`);

--
-- Indices de la tabla `GASTO`
--
ALTER TABLE `GASTO`
  ADD PRIMARY KEY (`gas_gasto`),
  ADD KEY `gas_comunidad` (`gas_comunidad`),
  ADD KEY `gas_rep_fk` (`gas_reparto`);

--
-- Indices de la tabla `GASTO_PISO`
--
ALTER TABLE `GASTO_PISO`
  ADD PRIMARY KEY (`gpi_piso`,`gpi_gasto`),
  ADD KEY `gpi_gas_fk` (`gpi_gasto`);

--
-- Indices de la tabla `MOVIMIENTO`
--
ALTER TABLE `MOVIMIENTO`
  ADD PRIMARY KEY (`mov_movimiento`),
  ADD KEY `movimiento_ix` (`mov_comunidad`,`mov_fecha`),
  ADD KEY `pis_mov_fk` (`mov_piso`),
  ADD KEY `gas_mov_fk` (`mov_gasto`),
  ADD KEY `doc_mov_fk` (`mov_documento`);

--
-- Indices de la tabla `PERFIL`
--
ALTER TABLE `PERFIL`
  ADD PRIMARY KEY (`per_perfil`);

--
-- Indices de la tabla `PISO`
--
ALTER TABLE `PISO`
  ADD PRIMARY KEY (`pis_piso`),
  ADD KEY `pis_com_fk` (`pis_comunidad`);

--
-- Indices de la tabla `PROMESA`
--
ALTER TABLE `PROMESA`
  ADD PRIMARY KEY (`psm_promesa`,`psm_comunidad`,`psm_fhasta`),
  ADD KEY `com_psm_fk` (`psm_comunidad`);

--
-- Indices de la tabla `PROMESA_PISO`
--
ALTER TABLE `PROMESA_PISO`
  ADD PRIMARY KEY (`prp_promesa`,`prp_piso`),
  ADD KEY `PRP_PIS_FK` (`prp_piso`);

--
-- Indices de la tabla `PROPIETARIO`
--
ALTER TABLE `PROPIETARIO`
  ADD PRIMARY KEY (`pro_propietario`),
  ADD UNIQUE KEY `pro_correo_ix` (`pro_correo`);

--
-- Indices de la tabla `PROPIETARIO_PISO`
--
ALTER TABLE `PROPIETARIO_PISO`
  ADD PRIMARY KEY (`ppi_propietario`,`ppi_piso`),
  ADD KEY `ppi_pis` (`ppi_piso`);

--
-- Indices de la tabla `REPARTO`
--
ALTER TABLE `REPARTO`
  ADD PRIMARY KEY (`rep_reparto`);

--
-- Indices de la tabla `SESION`
--
ALTER TABLE `SESION`
  ADD PRIMARY KEY (`ses_token`),
  ADD KEY `ses_usu_fk` (`ses_correo`);

--
-- Indices de la tabla `SPLIT`
--
ALTER TABLE `SPLIT`
  ADD PRIMARY KEY (`spl_split`),
  ADD KEY `mov_spl_fk` (`spl_movimiento`),
  ADD KEY `pis_spl_fk` (`spl_piso`),
  ADD KEY `gas_spl_fk` (`spl_gasto`),
  ADD KEY `spl_split_comunidad` (`spl_comunidad`),
  ADD KEY `doc_spl_fk` (`spl_documento`);

--
-- Indices de la tabla `USUARIO`
--
ALTER TABLE `USUARIO`
  ADD PRIMARY KEY (`usu_correo`);

--
-- Indices de la tabla `USUARIO_COMUNIDAD`
--
ALTER TABLE `USUARIO_COMUNIDAD`
  ADD PRIMARY KEY (`uco_correo`,`uco_comunidad`) USING BTREE,
  ADD KEY `uco_com_fk` (`uco_comunidad`),
  ADD KEY `uco_per_fk` (`uco_perfil`);

--
-- AUTO_INCREMENT de las tablas volcadas
--

--
-- AUTO_INCREMENT de la tabla `COMUNIDAD`
--
ALTER TABLE `COMUNIDAD`
  MODIFY `com_comunidad` int(11) NOT NULL AUTO_INCREMENT, AUTO_INCREMENT=3;

--
-- AUTO_INCREMENT de la tabla `DOCUMENTO`
--
ALTER TABLE `DOCUMENTO`
  MODIFY `doc_documento` int(11) NOT NULL AUTO_INCREMENT COMMENT 'id único del documento', AUTO_INCREMENT=30;

--
-- AUTO_INCREMENT de la tabla `GASTO`
--
ALTER TABLE `GASTO`
  MODIFY `gas_gasto` int(11) NOT NULL AUTO_INCREMENT, AUTO_INCREMENT=9;

--
-- AUTO_INCREMENT de la tabla `MOVIMIENTO`
--
ALTER TABLE `MOVIMIENTO`
  MODIFY `mov_movimiento` int(11) NOT NULL AUTO_INCREMENT, AUTO_INCREMENT=288;

--
-- AUTO_INCREMENT de la tabla `PERFIL`
--
ALTER TABLE `PERFIL`
  MODIFY `per_perfil` int(11) NOT NULL AUTO_INCREMENT, AUTO_INCREMENT=4;

--
-- AUTO_INCREMENT de la tabla `PISO`
--
ALTER TABLE `PISO`
  MODIFY `pis_piso` int(11) NOT NULL AUTO_INCREMENT, AUTO_INCREMENT=13;

--
-- AUTO_INCREMENT de la tabla `PROPIETARIO`
--
ALTER TABLE `PROPIETARIO`
  MODIFY `pro_propietario` int(11) NOT NULL AUTO_INCREMENT, AUTO_INCREMENT=2;

--
-- AUTO_INCREMENT de la tabla `SPLIT`
--
ALTER TABLE `SPLIT`
  MODIFY `spl_split` int(11) NOT NULL AUTO_INCREMENT COMMENT 'id del split', AUTO_INCREMENT=19;

--
-- Restricciones para tablas volcadas
--

--
-- Filtros para la tabla `DEUDA`
--
ALTER TABLE `DEUDA`
  ADD CONSTRAINT `dud_com_fk` FOREIGN KEY (`dud_comunidad`) REFERENCES `COMUNIDAD` (`com_comunidad`),
  ADD CONSTRAINT `dud_pis_fk` FOREIGN KEY (`dud_piso`) REFERENCES `PISO` (`pis_piso`),
  ADD CONSTRAINT `dud_prp_fk` FOREIGN KEY (`dud_promesa`) REFERENCES `PROMESA` (`psm_promesa`);

--
-- Filtros para la tabla `DOCUMENTO`
--
ALTER TABLE `DOCUMENTO`
  ADD CONSTRAINT `doc_com_fk` FOREIGN KEY (`doc_comunidad`) REFERENCES `COMUNIDAD` (`com_comunidad`);

--
-- Filtros para la tabla `GASTO`
--
ALTER TABLE `GASTO`
  ADD CONSTRAINT `gas_com_fk` FOREIGN KEY (`gas_comunidad`) REFERENCES `COMUNIDAD` (`com_comunidad`),
  ADD CONSTRAINT `gas_rep_fk` FOREIGN KEY (`gas_reparto`) REFERENCES `REPARTO` (`rep_reparto`);

--
-- Filtros para la tabla `GASTO_PISO`
--
ALTER TABLE `GASTO_PISO`
  ADD CONSTRAINT `gpi_gas_fk` FOREIGN KEY (`gpi_gasto`) REFERENCES `GASTO` (`gas_gasto`),
  ADD CONSTRAINT `gpi_pis_fk` FOREIGN KEY (`gpi_piso`) REFERENCES `PISO` (`pis_piso`);

--
-- Filtros para la tabla `MOVIMIENTO`
--
ALTER TABLE `MOVIMIENTO`
  ADD CONSTRAINT `com_mov_fk` FOREIGN KEY (`mov_comunidad`) REFERENCES `COMUNIDAD` (`com_comunidad`),
  ADD CONSTRAINT `doc_mov_fk` FOREIGN KEY (`mov_documento`) REFERENCES `DOCUMENTO` (`doc_documento`),
  ADD CONSTRAINT `gas_mov_fk` FOREIGN KEY (`mov_gasto`) REFERENCES `GASTO` (`gas_gasto`),
  ADD CONSTRAINT `pis_mov_fk` FOREIGN KEY (`mov_piso`) REFERENCES `PISO` (`pis_piso`);

--
-- Filtros para la tabla `PISO`
--
ALTER TABLE `PISO`
  ADD CONSTRAINT `pis_com_fk` FOREIGN KEY (`pis_comunidad`) REFERENCES `COMUNIDAD` (`com_comunidad`);

--
-- Filtros para la tabla `PROMESA`
--
ALTER TABLE `PROMESA`
  ADD CONSTRAINT `com_psm_fk` FOREIGN KEY (`psm_comunidad`) REFERENCES `COMUNIDAD` (`com_comunidad`);

--
-- Filtros para la tabla `PROMESA_PISO`
--
ALTER TABLE `PROMESA_PISO`
  ADD CONSTRAINT `PRP_PIS_FK` FOREIGN KEY (`prp_piso`) REFERENCES `PISO` (`pis_piso`),
  ADD CONSTRAINT `PRP_PSM_FK` FOREIGN KEY (`prp_promesa`) REFERENCES `PROMESA` (`psm_promesa`);

--
-- Filtros para la tabla `PROPIETARIO_PISO`
--
ALTER TABLE `PROPIETARIO_PISO`
  ADD CONSTRAINT `ppi_pis` FOREIGN KEY (`ppi_piso`) REFERENCES `PISO` (`pis_piso`),
  ADD CONSTRAINT `ppi_pro_fk` FOREIGN KEY (`ppi_propietario`) REFERENCES `PROPIETARIO` (`pro_propietario`);

--
-- Filtros para la tabla `SESION`
--
ALTER TABLE `SESION`
  ADD CONSTRAINT `ses_usu_fk` FOREIGN KEY (`ses_correo`) REFERENCES `USUARIO` (`usu_correo`);

--
-- Filtros para la tabla `SPLIT`
--
ALTER TABLE `SPLIT`
  ADD CONSTRAINT `com_spl_fk` FOREIGN KEY (`spl_comunidad`) REFERENCES `COMUNIDAD` (`com_comunidad`),
  ADD CONSTRAINT `doc_spl_fk` FOREIGN KEY (`spl_documento`) REFERENCES `DOCUMENTO` (`doc_documento`),
  ADD CONSTRAINT `gas_spl_fk` FOREIGN KEY (`spl_gasto`) REFERENCES `GASTO` (`gas_gasto`),
  ADD CONSTRAINT `mov_spl_fk` FOREIGN KEY (`spl_movimiento`) REFERENCES `MOVIMIENTO` (`mov_movimiento`),
  ADD CONSTRAINT `pis_spl_fk` FOREIGN KEY (`spl_piso`) REFERENCES `PISO` (`pis_piso`);

--
-- Filtros para la tabla `USUARIO_COMUNIDAD`
--
ALTER TABLE `USUARIO_COMUNIDAD`
  ADD CONSTRAINT `uco_com_fk` FOREIGN KEY (`uco_comunidad`) REFERENCES `COMUNIDAD` (`com_comunidad`),
  ADD CONSTRAINT `uco_per_fk` FOREIGN KEY (`uco_perfil`) REFERENCES `PERFIL` (`per_perfil`),
  ADD CONSTRAINT `uco_usu_fk` FOREIGN KEY (`uco_correo`) REFERENCES `USUARIO` (`usu_correo`);
COMMIT;

/*!40101 SET CHARACTER_SET_CLIENT=@OLD_CHARACTER_SET_CLIENT */;
/*!40101 SET CHARACTER_SET_RESULTS=@OLD_CHARACTER_SET_RESULTS */;
/*!40101 SET COLLATION_CONNECTION=@OLD_COLLATION_CONNECTION */;
